message,description,id,page_id,full_text,locations
"No, the Golden Triangle isn't the Bermuda Triangle, so you definitely won't be lost going there!

In fact, the Golden Triangle consists of the national capital Delhi, Agra and Jaipur which forms a triangular shape on a map. You can discover Qutab Minar in Delhi to the Amer Fort in Jaipur and of course the Taj Mahal in Agra.

Venture this Golden Triangle and discover the extraordinary wealth of cultural and historical splendor each three cities offers â” https://goo.gl/7suOMu",,1647170365552546_1889108648025382,Tripviss,"No, the Golden Triangle isn't the Bermuda Triangle, so you definitely won't be lost going there!

In fact, the Golden Triangle consists of the national capital Delhi, Agra and Jaipur which forms a triangular shape on a map. You can discover Qutab Minar in Delhi to the Amer Fort in Jaipur and of course the Taj Mahal in Agra.

Venture this Golden Triangle and discover the extraordinary wealth of cultural and historical splendor each three cities offers    ",Amer Fort$$Delhi$$Jaipur$$Golden Triangle$$Agra
"Who doesn't enjoy food - much more Thailand street food? They even have FRIED INSECTS!!!

Get a trip and treat yourself by satisfying your craving in Thailand! â” https://goo.gl/L1HN0F",,1647170365552546_1886627514940162,Tripviss,"Who doesn't enjoy food - much more Thailand street food? They even have FRIED INSECTS!!!

Get a trip and treat yourself by satisfying your craving in Thailand!    ",Thailand
"Tripviss is giving away a pair of Sunway Lagoon, Malaysia entrance tickets to 10 lucky winners in celebration of Nickelodeon Lost Lagoonâ€™s 1st Birthday Bash this March!

JOIN NOW â” https://goo.gl/bSrnfT ã€Ends 30th March! Hurry!ã€‘

Terms & Conditions apply.",,1647170365552546_1886498241619756,Tripviss,"Tripviss is giving away a pair of Sunway Lagoon, Malaysia entrance tickets to 10 lucky winners in celebration of Nickelodeon Lost Lagoons 1st Birthday Bash this March!

JOIN NOW    Ends 30th March! Hurry!

Terms & Conditions apply. ",Sunway Lagoon$$Malaysia
"Whether youâ€™re traveling alone or with your friends and family, Koh Samui is an island jam-packed with dozens of things to do such as water skiing, temple exploration and shopping sprees!

Book your perfect trip to Koh Samui with your loved ones now at Tripviss.com  â” https://goo.gl/iAZW44

Our Travel Experts in Koh Samui will create a custom trip according to your travel needs!",,1647170365552546_1883521141917466,Tripviss,"Whether youre traveling alone or with your friends and family, Koh Samui is an island jam-packed with dozens of things to do such as water skiing, temple exploration and shopping sprees!

Book your perfect trip to Koh Samui with your loved ones now at      

Our Travel Experts in Koh Samui will create a custom trip according to your travel needs! ",Koh Samui
"East Java is flourished with the beauty of active volcanoes and Mother Nature! Be sure to get first-hand experience in exploring how beautiful East Java's landscape is as well as trying their local food such as Lotong Balap and Sate kelopo!

All ready for your next adventure? Weâ€™ll settle the hassle of planning your perfect trip to East Java for FREE â” https://goo.gl/YaujwP  

Our itineraries are crafted to be 100% customisable to suits your travel preferences! 

Save up to 30% with middleman-free prices by booking directly with our Local Travel Experts in Indonesia at Tripviss.com.",,1647170365552546_1883002855302628,Tripviss,"East Java is flourished with the beauty of active volcanoes and Mother Nature! Be sure to get first-hand experience in exploring how beautiful East Java's landscape is as well as trying their local food such as Lotong Balap and Sate kelopo!

All ready for your next adventure? Well settle the hassle of planning your perfect trip to East Java for FREE     

Our itineraries are crafted to be 100% customisable to suits your travel preferences! 

Save up to 30% with middleman-free prices by booking directly with our Local Travel Experts in Indonesia at   ",Indonesia
"Exclusively Fun & Natural, Jeju Island

Head over to Jeju Island and personally get a taste of Jeju's tangerine and seafood as well as the fresh smell of canola flowers' blooming! Don't miss out the sight of majestic waterfalls and the amazing sunset-painted landscape that Jeju Island has to offer!

Get your custom itinerary planned by our Local Travel Experts in South Korea for FREE: https://goo.gl/eX4hNX

OR check out our ready-to-book handcrafted trips here: https://goo.gl/tKMG9S",,1647170365552546_1882365795366334,Tripviss,"Exclusively Fun & Natural, Jeju Island

Head over to Jeju Island and personally get a taste of Jeju's tangerine and seafood as well as the fresh smell of canola flowers' blooming! Don't miss out the sight of majestic waterfalls and the amazing sunset-painted landscape that Jeju Island has to offer!

Get your custom itinerary planned by our Local Travel Experts in South Korea for FREE:  

OR check out our ready-to-book handcrafted trips here:   ",Jeju Island$$South Korea$$Jeju$$Jeju Island Head
"The Earth may mostly be covered in blue and green but there are many vivid places you might not know that exist!

Share and tag the people you want to venture the world with!",,1647170365552546_1881747398761507,Tripviss,"The Earth may mostly be covered in blue and green but there are many vivid places you might not know that exist!

Share and tag the people you want to venture the world with! ",Earth
"With a blend of Mother Nature, Bandung will surely not disappoint anyone who comes visit! Come experience the tranquility of Bandung with your very own eyes!

Check out our customisable ready-to-book itineraries â” https://goo.gl/iBAK9m

Get your FREE custom itinerary to Bandung, planned by our Local Travel Experts in Indonesia â” https://goo.gl/6qbtor",,1647170365552546_1880458202223760,Tripviss,"With a blend of Mother Nature, Bandung will surely not disappoint anyone who comes visit! Come experience the tranquility of Bandung with your very own eyes!

Check out our customisable ready-to-book itineraries   

Get your FREE custom itinerary to Bandung, planned by our Local Travel Experts in Indonesia    ",Bandung$$Indonesia
"Congratulations to Man Yee Loo! Youâ€™re the lucky winner for Tripviss.com ""Letâ€™s Go Boracay Giveaway"" contest by random selection! Thanks to everyone who had participated in our giveaway!

Follow Tripviss to be the first to get updates on our next giveaway in March!

P.S. Don't feel dishearten to those who didn't win, check our itineraries out so you can experience the same! â” https://goo.gl/JlMviv

--

In case you missed it, Tripviss ""Letâ€™s Go Boracay Giveaway"" includes:

âœ” 4 Days 3 Nights Accommodation: At Boracay Ocean Club Beach Resort (with 3-DAY Breakfasts INCLUDED).

âœ” Exciting Island Hopping Tour: Leisure time at Puka Beach, cove adventures at Crystal Cove,fish feeding and lunch.

âœ” 3 ThrillingWater Sports: Experience parasailing, banana boat & sunset sailing at the beautiful Boracay Island.

Terms & conditions apply.",,1647170365552546_1879900345612879,Tripviss,"Congratulations to Man Yee Loo! Youre the lucky winner for   Go Boracay Giveaway"" contest by random selection! Thanks to everyone who had participated in our giveaway!

Follow Tripviss to be the first to get updates on our next giveaway in March!

  feel dishearten to those who didn't win, check our itineraries out so you can experience the same!   

--

In case you missed it, Tripviss ""Lets Go Boracay Giveaway"" includes:

 4 Days 3 Nights Accommodation: At Boracay Ocean Club Beach Resort (with 3-DAY Breakfasts INCLUDED).

 Exciting Island Hopping Tour: Leisure time at Puka Beach, cove adventures at Crystal Cove,fish feeding and lunch.

 3 ThrillingWater Sports: Experience parasailing, banana boat & sunset sailing at the beautiful Boracay Island.

Terms & conditions apply. ",Crystal Cove$$Puka Beach$$Boracay Island$$Boracay Ocean Club Beach Resort
"Round up your loved ones and plan your trip to Cairns, Australia now to experience the time of your life with all the fun activities you can do, such as cuddling a koala and feeding the crocodiles!

Plan & book now with our ready-made Cairns itineraries (customizable to suit your travel style) here â” https://goo.gl/SqA6sh

OR get your perfect Cairns, Australia trip planned for FREE with our Local Destination Experts at Tripviss.com â” https://goo.gl/bKd0SE",,1647170365552546_1879097815693132,Tripviss,"Round up your loved ones and plan your trip to Cairns, Australia now to experience the time of your life with all the fun activities you can do, such as cuddling a koala and feeding the crocodiles!

Plan & book now with our ready-made Cairns itineraries (customizable to suit your travel style) here   

OR get your perfect Cairns, Australia trip planned for FREE with our Local Destination Experts at     ",Australia
"Here are 15 things you can do at Boracay Island, Southeast Asia's very own Ibiza!","Boracay may be a small island but never judge an island by its size! The numerous activities found on this island will keep you entertained for days. Here are only 15 things to do in Boracay, Southeast Asia's own party island",1647170365552546_1877280099208237,Tripviss,"Here are 15 things you can do at Boracay Island, Southeast Asia's very own Ibiza! Boracay may be a small island but never judge an island by its size! The numerous activities found on this island will keep you entertained for days. Here are only 15 things to do in Boracay, Southeast Asia's own party island",Boracay$$Southeast Asia$$Boracay Island$$Ibiza
"ã€å°±æ˜¯è¦åœ¨å°æ¹¾åƒæ‰æœ‰å‘³é“å•Šï¼ã€ï¼é€¢ç”²å¤œå¸‚
Most Wanted Food in Feng Jia Night Market

å¯¹äºä¸€ä¸ªåƒè´§å®å®æ¥è¯´æœ‰ä»€ä¹ˆäº‹æ˜¯å¹¸ç¦è¿‡ä¸åœåƒåƒåƒï¼Ÿåœ¨è¿™é‡Œï¼ŒTripvisséš†é‡ä»‹ç»ä½ -é€¢ç”²å¤œå¸‚ã€‚ä»¥åˆ›æ–°åˆå¥‡ç‰¹çš„é£Ÿç‰©è€Œé—»åçš„å®ƒï¼Œç»å¯¹ä¼šè®©ä½ æƒŠå¹ï¼ŒæƒŠå–œå†éœ‡æ’¼ï¼

é‡ç‚¹: åªéœ€èŠ±å°‘å°‘å°±å¯ä»¥åƒé¥±é¥±ï¼

èµ°å§ï¼è·Ÿç€Tripvissèµ°ï¼Œè¿™æ ·çš„å¥½åº·ï¼Œè¿˜åœ¨çŠ¹è±«ä»€ä¹ˆï¼Ÿç‚¹å‡» â” https://goo.gl/Oce8Wj
æˆ–è€…å®šåˆ¶è‡ªå·±çš„å°æ¹¾å¥½å¥½åƒä¹‹æ—… â” https://goo.gl/hD4eXE

Feast yourself over various selections of simple treats at the Fengjia Night Market and let all your senses be woken by the taste, sight and smell of Taiwan's street food!

Get your perfect Taiwan trip planned for FREE with our Taiwan Destination Experts at Tripviss.com â” https://goo.gl/hD4eXE
Or save yourself the time and checkout our ready-to-book customised itinerary â” https://goo.gl/Oce8Wj",,1647170365552546_1876305252639055,Tripviss,"
Most Wanted Food in Feng Jia Night Market

Tripviss-

: 

Tripviss   
   

Feast yourself over various selections of simple treats at the Fengjia Night Market and let all your senses be woken by the taste, sight and smell of Taiwan's street food!

Get your perfect Taiwan trip planned for FREE with our Taiwan Destination Experts at    
Or save yourself the time and checkout our ready-to-book customised itinerary    ",Taiwan
"Scout the best of Lombokâ€™s hidden gems! Youâ€™ll be amazed to see how many hidden surprises Lombok has been hiding away!

Get your perfect Lombok trip planned by our Lombok Destination Experts now â€“ https://goo.gl/VvimZh",,1647170365552546_1875859202683660,Tripviss,"Scout the best of Lomboks hidden gems! Youll be amazed to see how many hidden surprises Lombok has been hiding away!

Get your perfect Lombok trip planned by our Lombok Destination Experts now    ",Lombok$$Lomboks
"You'll find yourself wanting to come back to Krabi to distress yourself from the hustle and bustle of life by basking yourself under the sun of Krabiâ€™s raw natural sceneries and good food!

Have a blissful retreat with your loved ones and friends in Krabi now â” https://goo.gl/zQEb7W",,1647170365552546_1875391112730469,Tripviss,"You'll find yourself wanting to come back to Krabi to distress yourself from the hustle and bustle of life by basking yourself under the sun of Krabis raw natural sceneries and good food!

Have a blissful retreat with your loved ones and friends in Krabi now    ",Krabi$$Krabis
"ã€å°æ¹¾æ€€æ—§å°é•‡ â€“ ä¹ä»½ã€‘äº«å—ä¹ä»½æ°›å›´çš„æœ€å¥½æ–¹å¼å°±æ˜¯åœ¨çƒ­é—¹å¤æœ´çš„ğŸ®ä¹ä»½è€è¡—ğŸ®ï¼Œè¾¹èµ°ğŸš¶ã€è¾¹åƒğŸ¢ã€è¾¹æ¬£èµä¹ä»½ç‹¬æœ‰çš„å±±å¡é˜¶æ¢¯å¼æ™¯è§‚ï¼åƒä¸‡ä¸èƒ½é”™è¿‡ä¹ä»½å¿…åƒèŠ‹åœ†ğŸ¡åŠå¿…å»çš„é˜¿å¦¹èŒ¶æ¥¼ï¼ğŸŒ†ğŸŒƒ

å¿«æ¥æ„Ÿå—å°æ¹¾ä¹ä»½ç‹¬æœ‰çš„æ€€æ—§é£æƒ…å§ â” https://goo.gl/9d5chi

Explore the lively Jiu Fen Old Street, Taiwan by sightseeing the antique buildings and feasting yourself with delicious street food! Donâ€™t miss out the taro balls which is originated from Jiu Fen as well as the A Mei Tea House.

Start planning your trip to Taiwan and experience nostalgia in Jiu Fen! â” https://goo.gl/GE1qtf",,1647170365552546_1873936329542614,Tripviss,"  

   

Explore the lively Jiu Fen Old Street, Taiwan by sightseeing the antique buildings and feasting yourself with delicious street food! Dont miss out the taro balls which is originated from Jiu Fen as well as the A Mei Tea House.

Start planning your trip to Taiwan and experience nostalgia in Jiu Fen!    ",Jiu Fen Old Street$$Taiwan
"Imagine dragons? You'll be surprised to find them alive and roaming the lands of Komodo Island.

Trek the hillside together with the indigenous Komodo dragons or explore Lake Kelimutu for a volcanic view around Flores. If you're a water baby, there are turtles and manta rays to meet in the clear blue sea.

Discover all Komodo + Flores has to offer now! â” https://goo.gl/vAJeZF

Get your perfect trip planned for FREE with our Local Travel Experts at Tripviss.com.",,1647170365552546_1872463809689866,Tripviss,"Imagine dragons? You'll be surprised to find them alive and roaming the lands of Komodo Island.

Trek the hillside together with the indigenous Komodo dragons or explore Lake Kelimutu for a volcanic view around Flores. If you're a water baby, there are turtles and manta rays to meet in the clear blue sea.

Discover all Komodo + Flores has to offer now!   

Get your perfect trip planned for FREE with our Local Travel Experts at   ",Lake Kelimutu$$Komodo Island
Nothing captures the essence of romance & beauty the way Palawan Island does!,Palawan is the largest island in Philippines is a natural Southeast Asian wonder due to its amazing biodiversity and beautiful landscapes,1647170365552546_1871947326408181,Tripviss,Nothing captures the essence of romance & beauty the way Palawan Island does! Palawan is the largest island in Philippines is a natural Southeast Asian wonder due to its amazing biodiversity and beautiful landscapes,Palawan$$Palawan Island$$Philippines
"Can't decide between the lush greenery of Sa Pa or the refreshing waters of Ha Long Bay? Why not both?

Customise and book our ready-made itineraries to enjoy the best of Vietnam today! â” https://goo.gl/i427i3",,1647170365552546_1871889609747286,Tripviss,"Can't decide between the lush greenery of Sa Pa or the refreshing waters of Ha Long Bay? Why not both?

Customise and book our ready-made itineraries to enjoy the best of Vietnam today!    ",Vietnam$$Ha Long Bay
"You haven't seen the best of Yogyakarta, Indonesia until you've seen the monumental Prambanan! Be in awe at how this tall architecture had also become one of UNESCO World Heritage Site.

Plan & book your trip to Yogyakarta, Indonesia to witness the architectural wonder with us! â€“ https://goo.gl/131nYL

We're happy to plan all your customised trip for FREE with Yogyakarta Local Travel Experts.

P.S. The easiest way to plan a trip is when you donâ€™t need to plan one ;)",,1647170365552546_1870305496572364,Tripviss,"You haven't seen the best of Yogyakarta, Indonesia until you've seen the monumental Prambanan! Be in awe at how this tall architecture had also become one of UNESCO World Heritage Site.

Plan & book your trip to Yogyakarta, Indonesia to witness the architectural wonder with us!   

We're happy to plan all your customised trip for FREE with Yogyakarta Local Travel Experts.

  easiest way to plan a trip is when you dont need to plan one ;) ",Indonesia$$Yogyakarta
"Come and explore the wonder of Sichuanâ€™s natural heritages where you can sightsee the magnificent nature and explore the cultures of Sichuan!

[SICHUAN MUST-GO PLACES]
1. Visit the home of Panda and the cultural heritages of Sichuan in Chengdu.
 2. Unearth the beauty of nature according to seasons in Jiu Zhai Gou.
 3. Explore the spectacular mountains and waterfall sceneries in Mounigou Sceneric Area.
 4. Spot colourful pools and diverse forest ecosystem in Huanglong.
 5. Take a glimpse of the highest Sacred Mountain of China in Mount Emei.

Plan & book your perfect Sichuan trip now with local destination experts at Tripviss.com  â€“ https://goo.gl/fpMCvL

å››å·ä¸æ˜¯åªæœ‰å¤§å®¶ç†Ÿæ‚‰çš„éº»è¾£ç«é”…å’Œéº»å©†è±†è…ï¼Œå¦‚è¯—å¦‚ç”»çš„å¤§è‡ªç„¶åŠä¸°å¯Œçš„æ–‡åŒ–åº•è•´æ‰æ˜¯å››å·çš„çœŸæ­£ç”Ÿæ‹›ç‰Œå“¦:
 
ã€å¿…å»æ™¯ç‚¹ã€‘
1. å‚è§‚ç†ŠçŒ«å±…ä½çš„å¤©åºœä¹‹å›½â€•æˆéƒ½
2. ç½®èº«ç›®ä¸è½¬ç›ã€æ’©äººå¿ƒé­„çš„äººé—´ä»™å¢ƒâ€•ä¹å¯¨æ²Ÿ
3. æ¢ç´¢å¦‚æ¢¦å¦‚å¹»ã€ç‘°ä¸½å¤šå§¿çš„å±±å·â€• ç‰Ÿå°¼æ²Ÿ
4. è§‚èµä¸°å¯Œå¤šå½©çš„äººé—´ç‘¶æ± â€•é»„é¾™
5. ä¸‡ä½›é¡¶ã€é‡‘é¡¶é‡‘ä½›å°±åœ¨ä¸­å›½ä½›æ•™åå±±â€•å³¨çœ‰å±±
 
ç¾å¾—å°ç¼–éƒ½é†‰äº†ï¼Œç›¸ä¿¡ä½ ä¹Ÿä¸€æ ·ï¼å¿«æ¥ä¸€æ¢ç©¶ç«Ÿç¥å¥‡çš„å››å· â€“ https://goo.gl/9pUXs4",,1647170365552546_1869918103277770,Tripviss,"Come and explore the wonder of Sichuans natural heritages where you can sightsee the magnificent nature and explore the cultures of Sichuan!

[SICHUAN MUST-GO PLACES]
1. Visit the home of Panda and the cultural heritages of Sichuan in Chengdu.
 2. Unearth the beauty of nature according to seasons in Jiu Zhai Gou.
 3. Explore the spectacular mountains and waterfall sceneries in Mounigou Sceneric Area.
 4. Spot colourful pools and diverse forest ecosystem in Huanglong.
 5. Take a glimpse of the highest Sacred Mountain of China in Mount Emei.

Plan & book your perfect Sichuan trip now with local destination experts at      

:
 

1. 
2. 
3.  
4. 
5. 
 
    ",Mounigou Sceneric Area$$Chengdu$$Huanglong$$Sichuan$$Sacred Mountain of China$$Mount Emei
"You won't believe what you will find in Lombok, Indonesia!

Surround yourself with the very best of Lombok, Indonesia as you explore the naturally beautiful beaches (there's even a pink beach!) and waterfalls! Don't miss out the chance to catch the breathtaking view of Mt. Rinjani!

Get your perfect itinerary planned by Lombok Experts now at Tripviss.com - https://goo.gl/sE43r3",,1647170365552546_1867772210159026,Tripviss,"You won't believe what you will find in Lombok, Indonesia!

Surround yourself with the very best of Lombok, Indonesia as you explore the naturally beautiful beaches (there's even a pink beach!) and waterfalls! Don't miss out the chance to catch the breathtaking view of Mt. Rinjani!

Get your perfect itinerary planned by Lombok Experts now at     ",Indonesia$$Lombok$$Mt. Rinjani
"Up we go, to the great heights of Lombok, Indonesia! The road may be long but it's definitely worth while when you're on top of Mount Rinjani enjoying the monumental view!

Plan & book directly from our Mt. Rinjani Travel Experts now â€“  https://goo.gl/2H2ivx",,1647170365552546_1866327416970172,Tripviss,"Up we go, to the great heights of Lombok, Indonesia! The road may be long but it's definitely worth while when you're on top of Mount Rinjani enjoying the monumental view!

Plan & book directly from our Mt. Rinjani Travel Experts now     ",Indonesia$$Mount Rinjani$$Lombok
"Ever want to walk with lions, swim with dolphins and check these off your bucket list yet at the same time be surrounded by the beauty of beaches? Mauritius is your place to go then as they do also provide a vast number of activities to do such as snorkeling, jungle trekking, flying fox and more!

Check out our list of recommended itineraries crafted by our travel experts from Mauritius â€“ https://goo.gl/fASjqe

Customise your perfect trip now to Mauritius at Tripviss.com!",,1647170365552546_1866291036973810,Tripviss,"Ever want to walk with lions, swim with dolphins and check these off your bucket list yet at the same time be surrounded by the beauty of beaches? Mauritius is your place to go then as they do also provide a vast number of activities to do such as snorkeling, jungle trekking, flying fox and more!

Check out our list of recommended itineraries crafted by our travel experts from Mauritius   

Customise your perfect trip now to Mauritius at   ",Mauritius
"Danang, the third largest city of Vietnam is highly urbanized unlike the other cities of Vietnam. Not only you'll be able to find colourfully lighted sightseeing spots but as well as various local foods you do not want to miss especially the Banh Mi and Nem Lui. 

Don't forget to shop till you drop  and remember to pick up some local souvenirs for your loved ones at home!

Our Danang travel experts will help you plan the best trip to Da Nang for FREE! â€“ https://goo.gl/7SbB6D
Or book our pre-planned itineraries to Danang now with middleman-free prices! â€“ https://goo.gl/SYCdEy",,1647170365552546_1865784683691112,Tripviss,"Danang, the third largest city of Vietnam is highly urbanized unlike the other cities of Vietnam. Not only you'll be able to find colourfully lighted sightseeing spots but as well as various local foods you do not want to miss especially the Banh Mi and Nem Lui. 

Don't forget to shop till you drop  and remember to pick up some local souvenirs for your loved ones at home!

Our Danang travel experts will help you plan the best trip to Da Nang for FREE!   
Or book our pre-planned itineraries to Danang now with middleman-free prices!    ",Vietnam$$Danang
"Check out some handpicked local Thailand cuisines that are highly recommended by tourists. If youâ€™re ever in Thailand these are delicacies guaranteed to make you shout â€œAroy!â€ which means â€˜deliciousâ€™ in Thai.

Plan your perfect trip to Thailand now at Tripviss.com  â€“ https://goo.gl/EeZTVL",,1647170365552546_1865111127091801,Tripviss,"Check out some handpicked local Thailand cuisines that are highly recommended by tourists. If youre ever in Thailand these are delicacies guaranteed to make you shout Aroy! which means delicious in Thai.

Plan your perfect trip to Thailand now at       ",Thailand
"Tank tops, shorts, flip flops and sunglasses are all you need for a perfect getaway to this island. This beautiful island will bring you through relaxing and fun-filled experiences!

Get your custom Phuket trip planned for FREE now at Tripviss.com  â€“ https://goo.gl/hX7454

Donâ€™t forget to check out our ready-to-book itineraries â€“ https://goo.gl/szqzfA",,1647170365552546_1864656470470600,Tripviss,"Tank tops, shorts, flip flops and sunglasses are all you need for a perfect getaway to this island. This beautiful island will bring you through relaxing and fun-filled experiences!

Get your custom Phuket trip planned for FREE now at      

Dont forget to check out our ready-to-book itineraries    ",Phuket
"Looking for more than your typical beach? Explore an entire ocean of unique beaches around the world. Purple beaches, red beaches, and bio-luminescent beaches, there's definitely an unusual beach you haven't discovered!",,1647170365552546_1861845397418374,Tripviss,"Looking for more than your typical beach? Explore an entire ocean of unique beaches around the world. Purple beaches, red beaches, and bio-luminescent beaches, there's definitely an unusual beach you haven't discovered! ",
"Travelling to new places means trying out new food (yay to that!) but do you know that there is a lot of unusual food can be found in Japan? If you are an adventurous eater, you will definitely find your appetite satiated in Japan!",,1647170365552546_1860626074206973,Tripviss,"Travelling to new places means trying out new food (yay to that!) but do you know that there is a lot of unusual food can be found in Japan? If you are an adventurous eater, you will definitely find your appetite satiated in Japan! ",Japan
"The faded ruins of Jordan will give you an insight on its historical bygones. Fascinating desert landscape with a hint of antiquity is waiting to make an unforgettable impression!

Get your perfect Jordan trip planned for FREE with our experienced travel experts â€“ https://goo.gl/g4eQhC

Weâ€™ll help you get the most out of Jordan!",,1647170365552546_1860055674264013,Tripviss,"The faded ruins of Jordan will give you an insight on its historical bygones. Fascinating desert landscape with a hint of antiquity is waiting to make an unforgettable impression!

Get your perfect Jordan trip planned for FREE with our experienced travel experts   

Well help you get the most out of Jordan! ",Jordan
"Sometimes, an underground adventure is all you need for a journey worth remembering. Here is a compilation of underground caves that you should explore in Southeast Asian countries. Time for a little challenge, maybe?

Get your perfect trip planned for FREE by the Local Travel Experts who know best â€“ Tripviss.com",,1647170365552546_1860048190931428,Tripviss,"Sometimes, an underground adventure is all you need for a journey worth remembering. Here is a compilation of underground caves that you should explore in Southeast Asian countries. Time for a little challenge, maybe?

Get your perfect trip planned for FREE by the Local Travel Experts who know best    ",
"Standing in the heart of Chiang Mai are temples that are spiritually awakening.  Everything in this northern capital of Thailand is rich in culture. Don't forget to visit the symbol of Thai culture, the elephants!

Simply plan a trip to Chiang Mai now without the hassles of planning with our Local Travel Experts! â€“ https://goo.gl/WS2iXT

Or choose from a list of pre-made itineraries here! â€“ https://goo.gl/Aa3Otz",,1647170365552546_1859491060987141,Tripviss,"Standing in the heart of Chiang Mai are temples that are spiritually awakening.  Everything in this northern capital of Thailand is rich in culture. Don't forget to visit the symbol of Thai culture, the elephants!

Simply plan a trip to Chiang Mai now without the hassles of planning with our Local Travel Experts!   

Or choose from a list of pre-made itineraries here!    ",Thailand
"Chiang Rai is a city with sites that are impossibly stunning. The White Temple (Wat Rong Khun) in Chiang Mai is an eye-opener! Standing tall like an ice castle, it's architecture is not like any other temple. It's prominently white and ice-like structure will leave you feeling like you are in a winter wonderland.

Be sure to visit these jaw-dropping sceneries in Chiang Rai. Let us help you plan your trip to Chiang Rai for FREE at Tripviss.com  â€“ https://goo.gl/fW7kGw

You can also choose from our ready-to-book itineraries at https://goo.gl/hxUiSp",,1647170365552546_1859487897654124,Tripviss,"Chiang Rai is a city with sites that are impossibly stunning. The White Temple (Wat Rong Khun) in Chiang Mai is an eye-opener! Standing tall like an ice castle, it's architecture is not like any other temple. It's prominently white and ice-like structure will leave you feeling like you are in a winter wonderland.

Be sure to visit these jaw-dropping sceneries in Chiang Rai. Let us help you plan your trip to Chiang Rai for FREE at      

You can also choose from our ready-to-book itineraries at   ",
"Magnificent natural attractions such as beaches and waterfalls are not a rare sight in Cebu. Let the unknown charms of this island knock on your soul and prepare to give in to the mesmeric local culture. Do not miss out on getting up close with the whale sharks!

Plan your own travel experience to Cebu, Philippines and our Local Travel Experts will craft your itineraries for FREE â€“ https://goo.gl/kp4vvD

Or check out our ready-to-book trips to Cebu with middleman-FREE prices â€“ https://goo.gl/NJS6pC",,1647170365552546_1857354641200783,Tripviss,"Magnificent natural attractions such as beaches and waterfalls are not a rare sight in Cebu. Let the unknown charms of this island knock on your soul and prepare to give in to the mesmeric local culture. Do not miss out on getting up close with the whale sharks!

Plan your own travel experience to Cebu, Philippines and our Local Travel Experts will craft your itineraries for FREE   

Or check out our ready-to-book trips to Cebu with middleman-FREE prices    ",Cebu$$Philippines
"Bhutan is arguably the most peaceful place on Earth. Located in the Himalayan Mountains, Bhutan possesses immensely charming landscape that emits pure serenity. Step away from your urban life and book a trip to Bhutan now for an otherworldly experience!

If you are wondering how to get to Bhutan, look no further as Tripviss is now working hand-in-hand with local travel experts in Bhutan to bring you the best personalised experience.

Get your perfect Bhutan trip planned for FREE now â€“ https://goo.gl/Rsm3Pa
Or book our pre-planned Bhutan itineraries filled with extraordinary experiences â€“ https://goo.gl/0BpC7F",,1647170365552546_1856758004593780,Tripviss,"Bhutan is arguably the most peaceful place on Earth. Located in the Himalayan Mountains, Bhutan possesses immensely charming landscape that emits pure serenity. Step away from your urban life and book a trip to Bhutan now for an otherworldly experience!

If you are wondering how to get to Bhutan, look no further as Tripviss is now working hand-in-hand with local travel experts in Bhutan to bring you the best personalised experience.

Get your perfect Bhutan trip planned for FREE now   
Or book our pre-planned Bhutan itineraries filled with extraordinary experiences    ",Earth$$Himalayan Mountains$$Bhutan
"Hoi An is a delightful town that will never cease to amaze you at its every corner, especially in the Ancient Town. The Hoi An Ancient Town is an exceptionally well-preserved UNESCO heritage site. Here, you will find plenty of quirky nooks and quaint old streets!

Get your next Vietnam trip planned for FREE with Hoi An in your itinerary by our Vietnam Local Travel Experts! â€“  https://goo.gl/R88PYS

Or pick from our ready-to-book Hoi An, Vietnam trips here â€“ https://goo.gl/kl3Abz",,1647170365552546_1855861824683398,Tripviss,"Hoi An is a delightful town that will never cease to amaze you at its every corner, especially in the Ancient Town. The Hoi An Ancient Town is an exceptionally well-preserved UNESCO heritage site. Here, you will find plenty of quirky nooks and quaint old streets!

Get your next Vietnam trip planned for FREE with Hoi An in your itinerary by our Vietnam Local Travel Experts!    

Or pick from our ready-to-book Hoi An, Vietnam trips here    ",Vietnam$$Ancient Town
"Did someone just say dessert? These South Korean desserts will certainly curb your sugar cravings.

Plan a trip and get those yumz in your tumz right now! â€“ https://goo.gl/SUW4C6",,1647170365552546_1855786948024219,Tripviss,"Did someone just say dessert? These South Korean desserts will certainly curb your sugar cravings.

Plan a trip and get those yumz in your tumz right now!    ",
"Don't miss out these fun & wacky places in Hua Hin & Cha-Am, Thailand!

Experience Venice, Italy at the Venezia and have a taste of Santorini at the Santorini Park! Bring your camera and snap away because every corner of Hua Hin is worth a snap!

Get your perfect Hua Hin & Cha-Am trip planned for FREE now at Tripviss.com â€“ https://goo.gl/Kz43eW
Donâ€™t forget to check out our ready-to-book itineraries â€“ https://goo.gl/vj9K5n",,1647170365552546_1853919981544249,Tripviss,"Don't miss out these fun & wacky places in Hua Hin & Cha-Am, Thailand!

Experience Venice, Italy at the Venezia and have a taste of Santorini at the Santorini Park! Bring your camera and snap away because every corner of Hua Hin is worth a snap!

Get your perfect Hua Hin & Cha-Am trip planned for FREE now at    
Dont forget to check out our ready-to-book itineraries    ",Thailand$$Santorini$$Santorini Park$$Italy$$Venice
"Bali, known for its fine collection of beaches, is Indonesia's mark of pride. Alongside its renowned romantic ambience and famous temples, there are also plenty attractions and activities awaiting you to experience.

Plan and book your perfect trip to Bali at Tripviss.com for an unforgettable experience â€“ https://goo.gl/VihDwu

How to get your trip planned for FREE:
1. Select the places you want to go & your trip preferences
2. Send your request and get multiple itineraries planned by Local Travel Experts
3. Book when itâ€™s perfect!

Or choose from our recommended Bali itineraries here â€“ https://goo.gl/Y14Fhg",,1647170365552546_1853359228266991,Tripviss,"Bali, known for its fine collection of beaches, is Indonesia's mark of pride. Alongside its renowned romantic ambience and famous temples, there are also plenty attractions and activities awaiting you to experience.

Plan and book your perfect trip to Bali at   an unforgettable experience   

How to get your trip planned for FREE:
1. Select the places you want to go & your trip preferences
2. Send your request and get multiple itineraries planned by Local Travel Experts
3. Book when its perfect!

Or choose from our recommended Bali itineraries here    ",Bali$$Indonesia
"Yogyakarta, a laid-back city rich in Javanese culture and customs, is a combination of peace and harmony. Wrap yourself around the centre of art, intricate architecture and fascinating nature.

Get your perfect Yogyakarta trip planned for FREE at Tripviss.com  â€“ https://goo.gl/Mijkl7

Or have a look at our most popular itineraries at https://goo.gl/14ZuLm",,1647170365552546_1852901308312783,Tripviss,"Yogyakarta, a laid-back city rich in Javanese culture and customs, is a combination of peace and harmony. Wrap yourself around the centre of art, intricate architecture and fascinating nature.

Get your perfect Yogyakarta trip planned for FREE at      

Or have a look at our most popular itineraries at   ",Yogyakarta
"Da Nang, Vietnam is a cluster of intricate man-made architectures and natural beauty. You can also expect a fair share of ancient buildings waiting to be explored and modern architectures that light up the city when the night falls.

Get your Da Nang trip planned for FREE at Tripviss.com  â€“ https://goo.gl/vycyFW

Or find our recommended Da Nang itineraries starting from RM636 â€“ https://goo.gl/Pc2YLa",,1647170365552546_1852491011687146,Tripviss,"Da Nang, Vietnam is a cluster of intricate man-made architectures and natural beauty. You can also expect a fair share of ancient buildings waiting to be explored and modern architectures that light up the city when the night falls.

Get your Da Nang trip planned for FREE at      

Or find our recommended Da Nang itineraries starting from RM636    ",Vietnam
"The Vietnamese certainly know a thing or two about winning over one's tummy. Simple yet mouthwatering cuisines using only the freshest local ingredients is their forte. Best part of all? These dishes cost next to nothing so eat up while you are there!

Get your Vietnam trip planned now for FREE with Local Travel Experts at Tripviss.com â€“ https://goo.gl/yLOY5h

For more Vietnam itineraries, check out here https://goo.gl/0wpCYD",,1647170365552546_1851050325164548,Tripviss,"The Vietnamese certainly know a thing or two about winning over one's tummy. Simple yet mouthwatering cuisines using only the freshest local ingredients is their forte. Best part of all? These dishes cost next to nothing so eat up while you are there!

Get your Vietnam trip planned now for FREE with Local Travel Experts at    

For more Vietnam itineraries, check out here   ",Vietnam
Is travelling more in your list of 'New Year Resolutions'? Try out these hashtags and flaunt your adventures to the world!,,1647170365552546_1850181425251438,Tripviss,Is travelling more in your list of 'New Year Resolutions'? Try out these hashtags and flaunt your adventures to the world! ,
"Home to unique culture and framed with beautiful landscape and Mother Nature, Sri Lanka is a country you do not want to miss! Unfold the beauty of nature in Royal Botanical Gardens as well as trumpet your way down to Pinnawala Elephant Orphanage. You can also head over to the Turtle Hatchery in Kosgoda and watch as the baby turtles return to the water.

Plan your trip to Sri Lanka at https://goo.gl/4KnPpi
Or check out our handcrafted itinerary for Sri Lanka from RM982/pax â€“ https://goo.gl/qwgX10

Our top 5 recommended trips to Sri Lanka: 
3D2N Experience The Stunning View in Pinnawala and Nuwara Eliya Tour â€“ https://goo.gl/F44l6b
6D5N Sigiriya and Kandy Adventure Tour â€“ https://goo.gl/bWpclw
7D6N 'Seeing Is Believing' Best of Sri Lanka Tour â€“ https://goo.gl/CNm1At
9D8N Hill and Chill Tour â€“ https://goo.gl/SZ0KFc
14D13N Scenic Beauty of East and South Sri Lanka Tour â€“ https://goo.gl/jVO2UF

Travel with Tripviss
âœ”ï¸ Private Tours with Local Tour Experts
âœ”ï¸ 100% Customizable Itinerary
âœ”ï¸ Flexible Prices
âœ”ï¸ Save more up to 30% with Middleman-free prices",,1647170365552546_1849779778624936,Tripviss,"Home to unique culture and framed with beautiful landscape and Mother Nature, Sri Lanka is a country you do not want to miss! Unfold the beauty of nature in Royal Botanical Gardens as well as trumpet your way down to Pinnawala Elephant Orphanage. You can also head over to the Turtle Hatchery in Kosgoda and watch as the baby turtles return to the water.

Plan your trip to Sri Lanka at  
Or check out our handcrafted itinerary for Sri Lanka from RM982/pax   

Our top 5 recommended trips to Sri Lanka: 
3D2N Experience The Stunning View in Pinnawala and Nuwara Eliya Tour   
6D5N Sigiriya and Kandy Adventure Tour   
7D6N 'Seeing Is Believing' Best of Sri Lanka Tour   
9D8N Hill and Chill Tour   
14D13N Scenic Beauty of East and South Sri Lanka Tour   

Travel with Tripviss
 Private Tours with Local Tour Experts
 100% Customizable Itinerary
 Flexible Prices
 Save more up to 30% with Middleman-free prices ",Sri Lanka$$Kosgoda$$Royal Botanical Gardens$$Pinnawala
"Want to win a FREE TRIP to Boracay Island for 4D3N? Tripviss wants to send a lucky winner on a FREE trip for 2, worth RM 5,000!

FINAL CHANCE TO WIN A FREE TRIP ã€Ends 28th Febã€‘

JOIN NOW to stand a chance:
Step 1: Like this giveaway post and our Facebook page
Step 2: Sign up to win â” https://goo.gl/orWZgm
Step3: â€œShareâ€ this giveaway post on your timeline (privacy settings: Public)

Don't miss your chance for a trip to Boracay inclusive of:
âœ” 4 Days 3 Nights Accommodation: At Boracay Ocean ClubBeach Resort (with 3-DAY Breakfasts INCLUDED).

âœ” Exciting Island Hopping Tour: Leisure time at Puka Beach,cove adventures at Crystal Cove,fish feeding and lunch.

âœ” 3 ThrillingWater Sports: Experience parasailing,banana boat & sunset sailing, at the beautiful Boracay Island.

Terms & Conditions Apply.",,1647170365552546_1849776145291966,Tripviss,"Want to win a FREE TRIP to Boracay Island for 4D3N? Tripviss wants to send a lucky winner on a FREE trip for 2, worth RM 5,000!

FINAL CHANCE TO WIN A FREE TRIP Ends 28th Feb

JOIN NOW to stand a chance:
Step 1: Like this giveaway post and our Facebook page
Step 2: Sign up to win   
Step3: Share this giveaway post on your timeline (privacy settings: Public)

Don't miss your chance for a trip to Boracay inclusive of:
 4 Days 3 Nights Accommodation: At Boracay Ocean ClubBeach Resort (with 3-DAY Breakfasts INCLUDED).

 Exciting Island Hopping Tour: Leisure time at Puka Beach,cove adventures at Crystal Cove,fish feeding and lunch.

 3 ThrillingWater Sports: Experience parasailing,banana boat & sunset sailing, at the beautiful Boracay Island.

Terms & Conditions Apply. ",Crystal Cove$$Boracay Island$$Boracay$$Boracay Ocean ClubBeach Resort$$Puka Beach
"Night Market Hopping in Bangkok â€“ ã€å¿…æ”¶è—çš„5å¤§æ³°åœ‹å¤œå¸‚ï¼ã€

æ³°åœ‹å’Œå°ç£ä¸€æ¨£ï¼Œå¤œå¸‚æ˜¯å¿…å»çš„æ™¯é»ã€‚å¯æ˜¯æ›¼è°·å¤œå¸‚é‚£éº¼å¤šï¼ˆçœŸçš„å¾ˆå¤šï¼‰ï¼Œè©²æ€éº¼é¸ï¼Ÿæ‰€ä»¥Tripvissæ¨è–¦äº†5å¤§å¤œå¸‚ è®“å¤§å®¶ç›´æ¥å» ç„¡éœ€æƒ³ï¼

é©¬ä¸Šæ¸¸è§ˆtripviss.comè§„åˆ’æ‚¨æ›¼è°·ä¹‹æ—…ï¼â€“ https://goo.gl/U6Ry7u
æ›´å¤šæ›¼è°·ç‰¹åˆ¶è¡Œç¨‹ â€“ https://goo.gl/rfiZyD
ã€è¶…å€¼æ¨èã€‘æ›¼è°·åŒ…è½¦ä¸€æ—¥æ¸¸ï¼Œä¸€äººRM44èµ·! â€“ https://goo.gl/wYX6fp

Bangkok - always not enough time to explore and experience everything! BUT it's OK because a visit to the best night markets in Bangkok is the easiest way to blend into the local life in Thailand's capital.

Head over to tripviss.com and personalise your trip to Bangkok now! â€“ https://goo.gl/mXBrqq
For more Bangkok Exciting Itineraries â€“ https://goo.gl/nQkPTP",,1647170365552546_1847626802173567,Tripviss,"Night Market Hopping in Bangkok  5

Tripviss5  

   
   
RM44!   

Bangkok - always not enough time to explore and experience everything! BUT it's OK because a visit to the best night markets in Bangkok is the easiest way to blend into the local life in Thailand's capital.

Head over to   personalise your trip to Bangkok now!   
For more Bangkok Exciting Itineraries    ",Thailand$$Bangkok
"Why take boring selfies when you can take pictures like these? Here are some creative ways to capture Instagrammable pictures for your next big adventure! Don't forget to bring your selfie stick along!

Your travel, your way â€“ Tripviss.com",,1647170365552546_1846233905646190,Tripviss,"Why take boring selfies when you can take pictures like these? Here are some creative ways to capture Instagrammable pictures for your next big adventure! Don't forget to bring your selfie stick along!

Your travel, your way    ",
"Are you an adrenaline junkie? Do you love the sudden rush of excitement? Here are some of the most thrilling rides in the world that are sure to make you weak in your knees. 
You know what they say; â€˜when something scares you, it means itâ€™s worth doingâ€™.",,1647170365552546_1843202025949378,Tripviss,"Are you an adrenaline junkie? Do you love the sudden rush of excitement? Here are some of the most thrilling rides in the world that are sure to make you weak in your knees. 
You know what they say; when something scares you, it means its worth doing. ",
"Bhutan is a country boasting of unique culture and tradition. The Bhutanese have preserved their accustomed way of living, away from globalisation, unlike the rest of the world. Do expect an exclusive experience while uncovering the secrets of â€˜the happiest country on earthâ€™.

Mark your calendar and get your trip to Bhutan now with Tripviss at https://goo.gl/pEOEY3, starting from RM 2,585.

Check out our most popular itineraries to Bhutan:
4D3N Quick Glimpse of Bhutan â€“ https://goo.gl/pBF0hJ
5D4N Enchanting Bhutan â€“ https://goo.gl/yy8d4h
7D6N Lose yourself in the Last Shangri-la  â€“ https://goo.gl/yy8d4h
9D8N Bhutan Trip with Paro Tsechu festival â€“ https://goo.gl/itQ4RU
8D7N Itinerary With Druk Path Trek â€“ https://goo.gl/U5fIUs
7D6N Unforgettable Bhutan Trip â€“ https://goo.gl/qPBI4z

âœ” Private Trip with Local Travel Experts 
âœ” Fully Customisable Itinerary 
âœ” Flexible Budget
âœ” Save more with Middleman-free prices",,1647170365552546_1842175592718688,Tripviss,"Bhutan is a country boasting of unique culture and tradition. The Bhutanese have preserved their accustomed way of living, away from globalisation, unlike the rest of the world. Do expect an exclusive experience while uncovering the secrets of the happiest country on earth.

Mark your calendar and get your trip to Bhutan now with Tripviss at   starting from RM 2,585.

Check out our most popular itineraries to Bhutan:
4D3N Quick Glimpse of Bhutan   
5D4N Enchanting Bhutan   
7D6N Lose yourself in the Last Shangri-la    
9D8N Bhutan Trip with Paro Tsechu festival   
8D7N Itinerary With Druk Path Trek   
7D6N Unforgettable Bhutan Trip   

 Private Trip with Local Travel Experts 
 Fully Customisable Itinerary 
 Flexible Budget
 Save more with Middleman-free prices ",Bhutan
"Can you smell it? Christmas is in the air! It's a season of giving and sharing and Tripviss.com is here to share with you some of the most beautiful Christmas decorations around the world. Wherever you are and whoever you are celebrating this festive season with, we would like to wish you a merry Christmas.",,1647170365552546_1839347286334852,Tripviss,"Can you smell it? Christmas is in the air! It's a season of giving and sharing and   here to share with you some of the most beautiful Christmas decorations around the world. Wherever you are and whoever you are celebrating this festive season with, we would like to wish you a merry Christmas. ",
"The road to Angkor Wat Temple, Cambodia.",,1647170365552546_1835949060008008,Tripviss,"The road to Angkor Wat Temple, Cambodia. ",Cambodia$$Angkor Wat Temple
"Cambodia, a land with centuries of history dating back to the Khmer Empire, is an up-and-coming travel destination. If you wish to escape from your busy and hectic city life, this is the place you should be heading to!

Get our travel experts to plan your personalized private trip to Cambodia for FREE â” https://goo.gl/Lsf6ac

Or book a trip now to Cambodia with our handcrafted trips here â” https://goo.gl/PEd5HJ",,1647170365552546_1835809776688603,Tripviss,"Cambodia, a land with centuries of history dating back to the Khmer Empire, is an up-and-coming travel destination. If you wish to escape from your busy and hectic city life, this is the place you should be heading to!

Get our travel experts to plan your personalized private trip to Cambodia for FREE   

Or book a trip now to Cambodia with our handcrafted trips here    ",Cambodia
"2017 - a brand new year, a brand new chapter. Say 'hello' to new adventures and fill up your pages with the most colourful experiences. Don't just wait for things to happen in your life; go forth and make them happen!

Share this with someone whom you want to achieve greater things with.",,1647170365552546_1834559436813637,Tripviss,"2017 - a brand new year, a brand new chapter. Say 'hello' to new adventures and fill up your pages with the most colourful experiences. Don't just wait for things to happen in your life; go forth and make them happen!

Share this with someone whom you want to achieve greater things with. ",
"The ultimate guide to Laos that is within everyone's reach. The ""Land of a Million Elephants"" will leave you in awe with its scenic view and wondrous nature. Not to forget its rich culture and renowned heritage sites!

Plan your own travel experience to Laos and our Local Travel Experts will craft your itineraries for FREE â€“ https://goo.gl/6UoPVN

Or check out our ready-to-book trips to Laos with middleman-FREE prices â€“ https://goo.gl/5IYvLE",,1647170365552546_1832541503682097,Tripviss,"The ultimate guide to Laos that is within everyone's reach. The ""Land of a Million Elephants"" will leave you in awe with its scenic view and wondrous nature. Not to forget its rich culture and renowned heritage sites!

Plan your own travel experience to Laos and our Local Travel Experts will craft your itineraries for FREE   

Or check out our ready-to-book trips to Laos with middleman-FREE prices    ",Laos
"Recalling some of the most memorable set locations that you should add to your list of must-visit destinations.

Check out these locations and explore the sets from your favorite dramas yourself.

Get your Korea trip planned by the local travel experts at https://goo.gl/Fe0qX9",,1647170365552546_1830955597174021,Tripviss,"Recalling some of the most memorable set locations that you should add to your list of must-visit destinations.

Check out these locations and explore the sets from your favorite dramas yourself.

Get your Korea trip planned by the local travel experts at   ",Korea
"Donâ€™t assume you will remember all the things you want to from your trip. Write them down and cherish them like they were yesterday.

Start keeping your memories in your travel journal! Collect boarding passes, tickets, menus, beer labels, business cards from places you stay and visit, the list is endless. Pull them out when you get home, cut and paste them into your journal.

#Like our page, let's explore the world with #Tripviss!
#Share & #Tag anyone you would like to travel with!",,1647170365552546_1827555290847385,Tripviss,"Dont assume you will remember all the things you want to from your trip. Write them down and cherish them like they were yesterday.

Start keeping your memories in your travel journal! Collect boarding passes, tickets, menus, beer labels, business cards from places you stay and visit, the list is endless. Pull them out when you get home, cut and paste them into your journal.

#Like our page, let's explore the world with #Tripviss!
#Share & #Tag anyone you would like to travel with! ",
"Waterbom Bali:  No.1ï¸âƒ£ Water Park in ASIA and number 2 in the WORLD! â­ï¸ğŸ˜±ğŸ˜

Get your perfect Bali trip planned for FREE by our Bali Local Travel Experts at Tripviss.com â” https://goo.gl/u3ZWwS ğŸ‘
Or checkout our handcrafted ready-to-book itinerary here â” https://goo.gl/BQ6Mw6

#Tripviss #YourTravelExperts
#YourTravelYourWay #PersonalizeYourTrip",,1647170365552546_1827098204226427,Tripviss,"Waterbom Bali:    Park in ASIA and number 2 in the WORLD! 

Get your perfect Bali trip planned for FREE by our Bali Local Travel Experts at     
Or checkout our handcrafted ready-to-book itinerary here   

#Tripviss #YourTravelExperts
#YourTravelYourWay #PersonalizeYourTrip ",ASIA$$Bali$$Waterbom Bali
"Bali, of course, needs no introduction. Famed for its blissful surroundings, a visit to Bali will not dampen your spirits! Bali is the perfect place if you are looking forward to lazing around and chilling with a glass of tropical fruit juice in your hand.

Get your Bali trip planned for FREE by the Local Travel Experts at Tripviss.com â€“ https://goo.gl/ynpr8d

Or book now from our ready-made trips to Bali with middleman-FREE prices â€“ https://goo.gl/KVn6Ia

#Tripviss #YourTravelExperts
#YourTravelYourWay #PersonalizeYourTrip",,1647170365552546_1826539007615680,Tripviss,"Bali, of course, needs no introduction. Famed for its blissful surroundings, a visit to Bali will not dampen your spirits! Bali is the perfect place if you are looking forward to lazing around and chilling with a glass of tropical fruit juice in your hand.

Get your Bali trip planned for FREE by the Local Travel Experts at    

Or book now from our ready-made trips to Bali with middleman-FREE prices   

#Tripviss #YourTravelExperts
#YourTravelYourWay #PersonalizeYourTrip ",Bali
"Boracay may be a small island but never judge an island by its size! The numerous activities found on this island will keep you entertained for days. Boracay is definitely the place for all you adventure-seekers and go-getters out there. 

Get your perfect Boracay trip planned for FREE now with Tripviss â€“ https://goo.gl/mVlLs2

Or check out our ready-to-book trips to Boracay filled with these exciting experiences â€“ https://goo.gl/dP8Wuv",,1647170365552546_1824272514508996,Tripviss,"Boracay may be a small island but never judge an island by its size! The numerous activities found on this island will keep you entertained for days. Boracay is definitely the place for all you adventure-seekers and go-getters out there. 

Get your perfect Boracay trip planned for FREE now with Tripviss   

Or check out our ready-to-book trips to Boracay filled with these exciting experiences    ",Boracay
Don't take boring photos with your bestie anymore,,1647170365552546_1823709941231920,Tripviss,Don't take boring photos with your bestie anymore ,
"Let's Go Boracay! The Paradise Island of the Philippines â˜€ï¸ğŸšâ›µï¸

Get your Boracay trip planned by the local travel experts at Tripviss.com.
It's FREE! ğŸ‘ğŸ¼

#Tripviss #YourTravelExperts
#YourTravelYourWay #PersonalizeYourTrip",,1647170365552546_1823283501274564,Tripviss,"Let's Go Boracay! The Paradise Island of the Philippines 

Get your Boracay trip planned by the local travel experts at  
It's FREE! 

#Tripviss #YourTravelExperts
#YourTravelYourWay #PersonalizeYourTrip ",Philippines$$Boracay
"This video will make you want to go Vietnam now ğŸ˜ğŸ˜‹ğŸ˜

Get your Vietnam trip planned by the local travel experts at Tripviss.com.
It's FREE! ğŸ‘ğŸ¼

#Tripviss #YourTravelExperts #YourTravelYourWay #PersonalizeYourTrip

Positive Rock by HookSounds http://www.hooksounds.com/
Creative Commons â€” Attribution 4.0 International â€” CC BY 4.0
https://creativecommons.org/licenses/...
Music provided by Audio Library https://youtu.be/hjUtJG8XSho",,1647170365552546_1821549748114606,Tripviss,"This video will make you want to go Vietnam now 

Get your Vietnam trip planned by the local travel experts at  
It's FREE! 

#Tripviss #YourTravelExperts #YourTravelYourWay #PersonalizeYourTrip

Positive Rock by HookSounds  
Creative Commons  Attribution    CC BY 4.0
 
Music provided by Audio Library   ",Vietnam
"15 places you should visit in Vietnam

Get your trips planned at tripviss.com, It's FREE!",,1647170365552546_1821128084823439,Tripviss,"15 places you should visit in Vietnam

Get your trips planned at   FREE! ",Vietnam
Dare to eat this alive?,,1647170365552546_1820697414866506,Tripviss,Dare to eat this alive? ,
"Special Black Crepe in Thailand! ğŸ˜±ğŸ˜ğŸ˜‹

#Tripviss
#YourTravelYourWay
#PersonalizeYourTrip",,1647170365552546_1820106834925564,Tripviss,"Special Black Crepe in Thailand! 

#Tripviss
#YourTravelYourWay
#PersonalizeYourTrip ",Thailand
"Have you ever been to Myanmar? If not it's the time to visit now! 

Plan your trip now: http://bit.ly/2fhhQdW
or find ready-to-book trip here: http://bit.ly/2e1LOGG

#Tripviss 
#YourTravelYourWay
#PersonalizedYourOwnMyanmarTrip",,1647170365552546_1817326535203594,Tripviss,"Have you ever been to Myanmar? If not it's the time to visit now! 

Plan your trip now:  
or find ready-to-book trip here:  

#Tripviss 
#YourTravelYourWay
#PersonalizedYourOwnMyanmarTrip ",Myanmar
See the incredible northern light! <3,,1647170365552546_1784699495132965,Tripviss,See the incredible northern light! <3 ,
"Jom!!!

Cartoon Network Amazone Waterpark is the world's first Cartoon Network themed waterpark located at 888 Moo 8, Na Jomtien, Sattahip, Chonburi, Thailand, 15 kilometers away from South Pattaya
#Thailand #Themepark #Family

#Share & #Tag anyone you would like to go on a #Vacation with!
#Like our page to explore the world's hidden gems with Tripviss",,1647170365552546_1777412225861692,Tripviss,"Jom!!!

Cartoon Network Amazone Waterpark is the world's first Cartoon Network themed waterpark located at 888 Moo 8, Na Jomtien, Sattahip, Chonburi, Thailand, 15 kilometers away from South Pattaya
#Thailand #Themepark #Family

#Share & #Tag anyone you would like to go on a #Vacation with!
#Like our page to explore the world's hidden gems with Tripviss ",Sattahip$$Thailand$$Chonburi$$South Pattaya
"Is anyone been to Maya Bay, Island Phi Phi? Do not hesitate to share your experience & tips to other travellers at below comment.

Maya bay is a wonderful bay surrounded by 100-meter high sheer cliffs. By being almost separated from the sea, it looks pretty much like a huge natural swimming pool that almost gives a feeling of privacy. The bay is made up three beaches in the bay, two tiny ones and the main beach, a 200m long stretch of white powdery sand and exceptionally clear water. It is where the movie ""The Beach"" was filmed.

#Share & #Tag anyone you would like to go on a #Vacation with!
#Like our page to explore the world's hidden gems with Tripviss",,1647170365552546_1764621413807440,Tripviss,"Is anyone been to Maya Bay, Island Phi Phi? Do not hesitate to share your experience & tips to other travellers at below comment.

Maya bay is a wonderful bay surrounded by 100-meter high sheer cliffs. By being almost separated from the sea, it looks pretty much like a huge natural swimming pool that almost gives a feeling of privacy. The bay is made up three beaches in the bay, two tiny ones and the main beach, a 200m long stretch of white powdery sand and exceptionally clear water. It is where the movie ""The Beach"" was filmed.

#Share & #Tag anyone you would like to go on a #Vacation with!
#Like our page to explore the world's hidden gems with Tripviss ",Island Phi Phi
Cancun Island located at Mexico is really BEAUTIFUL !! Let's go for a SeaWalk,,1647170365552546_1752436645025917,Tripviss,Cancun Island located at Mexico is really BEAUTIFUL !! Let's go for a SeaWalk ,Mexico$$Cancun Island
"Zoo in Toronto, Canada

It is actually a ground level pool for the polar bears, but it is very deep and you can go down below and see the pool from below through the glass. That is where this photo is taken. Amazing~

#Share & #Tag anyone you would like to go on a #Vacation with!
#Like our page to explore the world's hidden gems with #Tripviss",,1647170365552546_1750304348572480,Tripviss,"Zoo in Toronto, Canada

It is actually a ground level pool for the polar bears, but it is very deep and you can go down below and see the pool from below through the glass. That is where this photo is taken. Amazing~

#Share & #Tag anyone you would like to go on a #Vacation with!
#Like our page to explore the world's hidden gems with #Tripviss ",Canada$$Toronto
"Incredible island in Philippines, anyone?",,1647170365552546_1750302071906041,Tripviss,"Incredible island in Philippines, anyone? ",Philippines
"<3 Travel to the world is the dream of everyone's. Follow #tichalouktarn's footprints to all over the globe... Either man-made or natural, there are many wonderful places in the world... And it's better to see them once than to hear about them a thousand times â£â£ <3

Credit: Ticha Louktarn",,1647170365552546_1748903625379219,Tripviss,"<3 Travel to the world is the dream of everyone's. Follow #tichalouktarn's footprints to all over the   man-made or natural, there are many wonderful places in the   it's better to see them once than to hear about them a thousand times  <3

Credit: Ticha Louktarn ",
"Welcome to Okinawa Churaumi Aquarium, #Japan

Okinawa's wealth of nature, history and culture can be experienced at Ocean Expo Park, a place where you can even enjoy a dolphin show.

Okinawa Churaumi Aquarium is one of many popular facilities at Ocean Expo Park.

At the Aquarium, an intriguing world of marine life found in Okinawa is spread out before you. A sea of coral dazzled with sunlight exhibits living coral colonies in large scale.
With its enormous capacity, a gigantic tank called The Kuroshio Sea Tank the largest fish in the world, the whale shark, and the world's first successfully bred-in-captivity manta can also be seen. Moreover, you can experience the sea of Okinawa when you journey into the deep sea, which recreates Okinawa's mystery-enshrouded sea.

We hope to see you at Okinawa Churaumi Aquarium, where new encounters and discoveries await each time you visit!

#Share & #Tag anyone you would like to go on a #Vacation with!
#Like our page to explore the world's hidden gems with Tripviss",,1647170365552546_1737524883183760,Tripviss,"Welcome to Okinawa Churaumi Aquarium, #Japan

Okinawa's wealth of nature, history and culture can be experienced at Ocean Expo Park, a place where you can even enjoy a dolphin show.

Okinawa Churaumi Aquarium is one of many popular facilities at Ocean Expo Park.

At the Aquarium, an intriguing world of marine life found in Okinawa is spread out before you. A sea of coral dazzled with sunlight exhibits living coral colonies in large scale.
With its enormous capacity, a gigantic tank called The Kuroshio Sea Tank the largest fish in the world, the whale shark, and the world's first successfully bred-in-captivity manta can also be seen. Moreover, you can experience the sea of Okinawa when you journey into the deep sea, which recreates Okinawa's mystery-enshrouded sea.

We hope to see you at Okinawa Churaumi Aquarium, where new encounters and discoveries await each time you visit!

#Share & #Tag anyone you would like to go on a #Vacation with!
#Like our page to explore the world's hidden gems with Tripviss ",Okinawa$$Okinawa Churaumi Aquarium$$Ocean Expo Park$$Kuroshio Sea Tank
"The Blue Lagoon Oludeniz,  #Turkey

Olu Deniz, a beautiful inland bay that stretches behind the cape, is now closed to yachts. The reason this heavenly place is called Olu deniz (""Sea of the Dead"") is attributed to the following legend;

Once a father and son were caught in a storm here and were in danger of sinking. The son claimed that if they approached the rocks ashore they could take shelter in a cove. The father on the other hand asserted that their ship would be driven onto the rocks and break up and that there were no coves around here anyway. In his terror of running around on the rocks, the father knocked his son (who was at the helm) into the sea with an oar and took over the helm himself. Just as the ship was about to hit the rocks on the cape, she turned into this calm, smooth watered bay. 

This is the reason they say the bay is called the Sea of the Dead, whereas what with the pine clad sandy beach stretched out like a tongue, the name ""Paradise Bay"" would be more fitting.

The Blue Lagoon of Olu deniz has calm, crytal clear waters which makes it ideal for a variety of water sports and a very safe place for children to swim. Part of the lagoon is now a protected area (and it`s a national park).

#Share & #Tag anyone you would like to go on a #Vacation with!
#Like our page to explore the world's hidden gems with Tripviss",,1647170365552546_1734371240165791,Tripviss,"The Blue Lagoon Oludeniz,  #Turkey

Olu Deniz, a beautiful inland bay that stretches behind the cape, is now closed to yachts. The reason this heavenly place is called Olu deniz (""Sea of the Dead"") is attributed to the following legend;

Once a father and son were caught in a storm here and were in danger of sinking. The son claimed that if they approached the rocks ashore they could take shelter in a cove. The father on the other hand asserted that their ship would be driven onto the rocks and break up and that there were no coves around here anyway. In his terror of running around on the rocks, the father knocked his son (who was at the helm) into the sea with an oar and took over the helm himself. Just as the ship was about to hit the rocks on the cape, she turned into this calm, smooth watered bay. 

This is the reason they say the bay is called the Sea of the Dead, whereas what with the pine clad sandy beach stretched out like a tongue, the name ""Paradise Bay"" would be more fitting.

The Blue Lagoon of Olu deniz has calm, crytal clear waters which makes it ideal for a variety of water sports and a very safe place for children to swim. Part of the lagoon is now a protected area (and it`s a national park).

#Share & #Tag anyone you would like to go on a #Vacation with!
#Like our page to explore the world's hidden gems with Tripviss ",
"The Castle Hotel, North East China <3

Would you like to live here?

#Share & #Tag anyone you would like to stay with!
#Like our page to explore the world hidden gems with  #Tripviss",,1647170365552546_1731483930454522,Tripviss,"The Castle Hotel, North East China <3

Would you like to live here?

#Share & #Tag anyone you would like to stay with!
#Like our page to explore the world hidden gems with  #Tripviss ",North East China
"<The Starry Paradise, Taiwan> 

This amazing Starry paradise is made up by 4 millions plastic bottles! A new place for photo shooting at Taiwan. Hurry up to add it to your holiday itinerary!

#Like our page, let's explore the world with #Tripviss!
#Share & #Tag anyone you would like to travel with!

4 millions plastic bottles make mosaic of Starry Night!

A mosaic of Vincent van Goghâ€™s Starry Night made from recycled plastic bottles is pictured in the Embrace Cultural and Creative Park in Keelung, Taiwan, Dec. 26, 2015. The artist responsible for creating the mosaic, named The Starry Paradise, has received more than 4 million recycled plastic bottles in donations. The project focuses on the concepts of healing and art, while serving as a charity that addresses environmental concerns, according to the park.",,1647170365552546_1724198661183049,Tripviss,"<The Starry Paradise, Taiwan> 

This amazing Starry paradise is made up by 4 millions plastic bottles! A new place for photo shooting at Taiwan. Hurry up to add it to your holiday itinerary!

#Like our page, let's explore the world with #Tripviss!
#Share & #Tag anyone you would like to travel with!

4 millions plastic bottles make mosaic of Starry Night!

A mosaic of Vincent van Goghs Starry Night made from recycled plastic bottles is pictured in the Embrace Cultural and Creative Park in Keelung, Taiwan, Dec. 26, 2015. The artist responsible for creating the mosaic, named The Starry Paradise, has received more than 4 million recycled plastic bottles in donations. The project focuses on the concepts of healing and art, while serving as a charity that addresses environmental concerns, according to the park. ",Creative Park$$Taiwan$$Keelung
"Alaska, northwest of Canada",,1647170365552546_1723888434547405,Tripviss,"Alaska, northwest of Canada ",Canada$$Alaska
"Let's go Redang Island, Terengganu #Malaysia

#Like our page and let's travel to the world!
#Share & #Tag anyone you would like to travel with!

Credit: visittrerengganu",,1647170365552546_1723322367937345,Tripviss,"Let's go Redang Island, Terengganu #Malaysia

#Like our page and let's travel to the world!
#Share & #Tag anyone you would like to travel with!

Credit: visittrerengganu ",Terengganu$$Redang Island
"Chiang Mai baby elephant welcomes tourists with sweet smile, love and cuddle. Awwww.....Cuteness overload! <3

Grab your tour now from as low as RM513 <4D3N Chiangmai & Chiangrai Tour>  - http://bit.ly/1YcTYs4
#Like our page to get more travel ideas, inspirations & deals!
#Share & #Tag anyone you would like to travel with!
Video credit: vasiliatsimerakis

This Chiang Mai baby elephant has a habit of tumbling into helpless tourists and demanding to be snuggled.

A series of cuddling videos featuring little elephant â€œNampuuâ€ (or â€œFountainâ€) were posted on Instagram by happy visitors who encountered the playful baby boy in the past month.

Nampuu lives at Patara Elephant Farm in Chiang Mai and is the star attraction of the â€œElephant Owner for a Dayâ€ package tour designed to let people learn how to take care of elephants. On the tour, they learn about elephant temperament, health, bathing and how to communicate with the pachyderms.

By: Coconuts Bangkok",,1647170365552546_1722129218056660,Tripviss,"Chiang Mai baby elephant welcomes tourists with sweet smile, love and cuddle.   <3

Grab your tour now from as low as RM513 <4D3N Chiangmai & Chiangrai Tour>  -  
#Like our page to get more travel ideas, inspirations & deals!
#Share & #Tag anyone you would like to travel with!
Video credit: vasiliatsimerakis

This Chiang Mai baby elephant has a habit of tumbling into helpless tourists and demanding to be snuggled.

A series of cuddling videos featuring little elephant Nampuu (or Fountain) were posted on Instagram by happy visitors who encountered the playful baby boy in the past month.

Nampuu lives at Patara Elephant Farm in Chiang Mai and is the star attraction of the Elephant Owner for a Day package tour designed to let people learn how to take care of elephants. On the tour, they learn about elephant temperament, health, bathing and how to communicate with the pachyderms.

By: Coconuts Bangkok ",Patara Elephant Farm$$Bangkok
"Anyone travelling to #Pattaya, #Thailand soon? 

Here you may not wish to miss out! <èŠ­å ¤é›…å¡é€šä¸»é¡Œæ°´ä¸Šæ¨‚åœ’ - Cartoon Network Amazone>

#Like our page to get more travel ideas, inspirations & deals
#Share & #Tag who you would like to travel with!",,1647170365552546_1712602502342665,Tripviss,"Anyone travelling to #Pattaya, #Thailand soon? 

Here you may not wish to miss out! < - Cartoon Network Amazone>

#Like our page to get more travel ideas, inspirations & deals
#Share & #Tag who you would like to travel with! ",
"The Coral Flyer is the longest in the world at the Tunku Abdul Rahman Marine Park , Sabah . It straddles two islands, Pulau Sapi Gaya Island along 250 meters

#Like our page to get more travel ideas, inspirations and deals!
#Share & #Tag who you would like to eat with!",,1647170365552546_1710481722554743,Tripviss,"The Coral Flyer is the longest in the world at the Tunku Abdul Rahman Marine Park , Sabah . It straddles two islands, Pulau Sapi Gaya Island along 250 meters

#Like our page to get more travel ideas, inspirations and deals!
#Share & #Tag who you would like to eat with! ",Pulau Sapi Gaya Island$$Tunku Abdul Rahman Marine Park
"æ›¼è°·å¿…å» 399baht æ–°é²œæµ·é²œBBQ åƒåˆ°é¥±ï¼

Addressï¼š à¸‹à¸­à¸¢ à¸£à¸²à¸¡à¸„à¸³à¹à¸«à¸‡ 127 (à¸•à¸´à¸”à¸¨à¸¹à¸™à¸¢à¹Œà¸­à¸²à¸«à¸²à¸£), Bangkok, Thailand 10240
google map: 13.6776891,100.5468049
Mon-Sun: 17:00 - 23:00
Phone number ï¼š +66 89 668 8821
Websiteï¼š Mr.Seafood 
https://www.facebook.com/mr.seafood127

#Like our page to get more travel ideas, inspirations and deals!
#Share & #Tag who you would like to eat with!",,1647170365552546_1710147249254857,Tripviss," 399baht BBQ 

Address   127 (), Bangkok, Thailand 10240
google map:  
Mon-Sun: 17:00 - 23:00
Phone number  +66 89 668 8821
Website   
 

#Like our page to get more travel ideas, inspirations and deals!
#Share & #Tag who you would like to eat with! ",Thailand$$Bangkok
"Hey, anyone here travelling to Korea near soon? Here you may love to visit: Gimhae Lotte Water Park

Gimhae Lotte Water Park
- Address: 555, Jangyu-ro, Gimhae-si, Gyeongsangnam-do
- Operating hours: 09:00 - 19:00 
- Admission Fee: All-day Tickets: Adults 55,000 - 58,000 won / Children 43,000 - 46,000 won; Afternoon Tickets (admission after 14:30): Adults 45,000 - 48,000 won / Children 35,000 - 38,000 

*Rates are subject to change depending on the rides and the season. 

For more information, visit Gimhae Lotte Water Park http://bit.ly/1TnZhDm

#Like our page to get more travel ideas, inspiration & deals!
#Share & #Tag to anyone who you would like to go with!",,1647170365552546_1706111416325107,Tripviss,"Hey, anyone here travelling to Korea near soon? Here you may love to visit: Gimhae Lotte Water Park

Gimhae Lotte Water Park
- Address: 555, Jangyu-ro, Gimhae-si, Gyeongsangnam-do
- Operating hours: 09:00 - 19:00 
- Admission Fee: All-day Tickets: Adults 55,000 - 58,000 won / Children 43,000 - 46,000 won; Afternoon Tickets (admission after 14:30): Adults 45,000 - 48,000 won / Children 35,000 - 38,000 

*Rates are subject to change depending on the rides and the season. 

For more information, visit Gimhae Lotte Water Park  

#Like our page to get more travel ideas, inspiration & deals!
#Share & #Tag to anyone who you would like to go with! ",Gimhae Lotte Water Park Gimhae Lotte Water Park$$Gimhae Lotte Water Park$$Korea
"ã€ŠDam Surat Thani Raft House, Thailandã€‹

Feeling the nature... ... ...

#Share & #Tag anyone you would like to go with!
#Like our page to get more travel ideas & inspirations!",,1647170365552546_1701856886750560,Tripviss,"Dam Surat Thani Raft House, Thailand

Feeling the   ...

#Share & #Tag anyone you would like to go with!
#Like our page to get more travel ideas & inspirations! ",Thailand
"Fujiyama (roller coaster), #Japan

OMG! That's scary roller coaster i ever seen! Tag anyone you would like to challenge with!
#Tripviss",,1647170365552546_1701118770157705,Tripviss,"Fujiyama (roller coaster), #Japan

OMG! That's scary roller coaster i ever seen! Tag anyone you would like to challenge with!
#Tripviss ",
"Dinner in a Cave in #HalongBay, #Vietnam - The Seven Nature Wonder Of The World - Fantastic experience!

Explore Halong Bay - The Seven Nature Wonder Of the World, beside joining many interesting activities such as kayaking, exploring amazing caves, visiting floating villages, squid fishing, rock climbing.... Now you will have chance to enjoy the special and romantic dinner in a cave in the middle of nature of Halong Bay.

You will be served with extremely delicious food with great fruit and vegetable carving performance in the most relaxing way magnificent and amazing views. Somehow you could hear the cave gently talking to you combining with the whisper of the light wind.

Donâ€™t miss this awesome experience of the lifetime. Letâ€™s pack everything up and get on the way!

#Like our page to get more travel ideas & inspirations!",,1647170365552546_1699729060296676,Tripviss,"Dinner in a Cave in #HalongBay, #Vietnam - The Seven Nature Wonder Of The World - Fantastic experience!

Explore Halong Bay - The Seven Nature Wonder Of the World, beside joining many interesting activities such as kayaking, exploring amazing caves, visiting floating villages, squid fishing, rock   you will have chance to enjoy the special and romantic dinner in a cave in the middle of nature of Halong Bay.

You will be served with extremely delicious food with great fruit and vegetable carving performance in the most relaxing way magnificent and amazing views. Somehow you could hear the cave gently talking to you combining with the whisper of the light wind.

Dont miss this awesome experience of the lifetime. Lets pack everything up and get on the way!

#Like our page to get more travel ideas & inspirations! ",Halong Bay
"Mickey Mouse Cruise! - #Tag & #Share anyone you would like to sail with! <3

Disney Cruise Line offers a vacation experience unlike any other that magically brings families together while providing unparalleled kid fun and relaxing adult time. 

#Like our page #Tripviss to get more travel ideas & inspirations!
Visit us - https://tripviss.com",,1647170365552546_1697563833846532,Tripviss,"Mickey Mouse Cruise! - #Tag & #Share anyone you would like to sail with! <3

Disney Cruise Line offers a vacation experience unlike any other that magically brings families together while providing unparalleled kid fun and relaxing adult time. 

#Like our page #Tripviss to get more travel ideas & inspirations!
Visit us -   ",
"How many of you would like to sleep in glass igloo and view the amazing dance of Northern light in Finland? 

#Like our page to get more travel ideas, inspirations and deals
Grab it now! - http://bit.ly/1PD3rCY
#Tripviss #Travel #Holiday",,1647170365552546_1692027974400118,Tripviss,"How many of you would like to sleep in glass igloo and view the amazing dance of Northern light in Finland? 

#Like our page to get more travel ideas, inspirations and deals
Grab it now! -  
#Tripviss #Travel #Holiday ",Finland
"Tag anyone who would like to experience ã€ŠThe 5th Waveã€‹! :D

Caribbean Bay, South Korea - is an indoor /outdoor water park located in #Yongin, #SouthKorea. It is the largest indoor and outdoor water park in the world! Caribbean Bay is park of Overland Resort, but it requires a separate admission fee. 

#Like our page to get more travel ideas, inspirations and deals!",,1647170365552546_1691480314454884,Tripviss,"Tag anyone who would like to experience The 5th Wave! :D

Caribbean Bay, South Korea - is an indoor /outdoor water park located in #Yongin, #SouthKorea. It is the largest indoor and outdoor water park in the world! Caribbean Bay is park of Overland Resort, but it requires a separate admission fee. 

#Like our page to get more travel ideas, inspirations and deals! ",South Korea$$Overland Resort$$Caribbean Bay
"Boracay, Philippines <3

#Like our page to get more travel ideas, inspirations and amazing deals!
Grab it now from RM469! - https://tripviss.com/destinations/381?",,1647170365552546_1690095907926658,Tripviss,"Boracay, Philippines <3

#Like our page to get more travel ideas, inspirations and amazing deals!
Grab it now from RM469! -   ",Philippines$$Boracay
"<3 Greek Islands - Santorini <3 

The most spectacular sunsets on this planet. Great nightlife, excellent beaches, spectacular scenary and romance make this one of the world's top destinations for honeymooners and weddings too. A dream travel destination especially for all ladies of all time! 

Get it now! - https://tripviss.com/tours/2225
#Like our page to get more travel ideas, inspirations and deals now!",,1647170365552546_1688340351435547,Tripviss,"<3 Greek Islands - Santorini <3 

The most spectacular sunsets on this planet. Great nightlife, excellent beaches, spectacular scenary and romance make this one of the world's top destinations for honeymooners and weddings too. A dream travel destination especially for all ladies of all time! 

Get it now! -  
#Like our page to get more travel ideas, inspirations and deals now! ",Greek Islands$$Santorini
"Win a FREE trip for 2 to Malaysia most exotic island. Join Now! -
https://tripviss.com/campaigns/4331361888-beach-&-island

1. Redang Island 2. Rawa Island 3. Mabul Island","A relaxing sweet escape to Malaysia's exotic islands that feature stunning soft white beaches, crystal clear waters, tropical rainforests and diverse cultures.",1647170365552546_1687661214836794,Tripviss,"Win a FREE trip for 2 to Malaysia most exotic island. Join Now! -
 

1. Redang Island 2. Rawa Island 3. Mabul Island A relaxing sweet escape to Malaysia's exotic islands that feature stunning soft white beaches, crystal clear waters, tropical rainforests and diverse cultures.",Rawa Island$$Mabul Island$$Malaysia$$Redang Island
"Little amazing places in #Sabah, #Malaysia <3 

Like our page to open your sight to the world!

#Adventure #Wildlife #Island #Sightseeing

Subscribe to our newsletter for early invite at https://tripviss.com
#TripViss #WithinYourReach #Travel",,1647170365552546_1673098022959780,Tripviss,"Little amazing places in #Sabah, #Malaysia <3 

Like our page to open your sight to the world!

#Adventure #Wildlife #Island #Sightseeing

Subscribe to our newsletter for early invite at  
#TripViss #WithinYourReach #Travel ",
"<Asean Night Bazaar in Hatyai, Thailand>

Do not miss out this #ShoppingParadise and #FoodParadise when you travel to Hatyai, Thailand!

Address: Chotwittayakul 4 Rd, Hat Yai, Thailand

Subscribe to our newsletter for early invite at https://tripviss.com
#TripViss #WithinYourReach #Travel",,1647170365552546_1650983168504599,Tripviss,"<Asean Night Bazaar in Hatyai, Thailand>

Do not miss out this #ShoppingParadise and #FoodParadise when you travel to Hatyai, Thailand!

Address: Chotwittayakul 4 Rd, Hat Yai, Thailand

Subscribe to our newsletter for early invite at  
#TripViss #WithinYourReach #Travel ",Thailand$$Hatyai$$Hat Yai
